{"name":"GamerPuppy86LOL","partners":[{"id":"31","type":"Teacher","name":"Amy Rocheleau"},{"id":"91","type":"Teacher","name":"Marita Beard"},{"id":"24","type":"Teacher","name":"Allison Duffy"},{"id":"6439","type":"Offender","name":"HAMPTON, PAUL FREDERICK "},{"id":"Saana","type":"Waifu","name":"Saana"},{"id":"71","type":"Teacher","name":"Jose Hernandez Parra"},{"id":"7","type":"Teacher","name":"Amanda Clark"},{"id":"76","type":"Teacher","name":"Baldomero Ramirez"},{"id":"6412","type":"Offender","name":"KIRKMAN, CHARLES MARTIN SR"},{"id":"34","type":"Teacher","name":"Brook Wallace"},{"id":"59","type":"Teacher","name":"Kelli Mirassou"},{"id":"65","type":"Teacher","name":"Paul Bocanegra"},{"id":"4","type":"Teacher","name":"Kathryn Wassell"},{"id":"9228","type":"Offender","name":"POLENDO, ORLANDO  "}]}