{
    "teachers": [
        {
            "id": "1",
            "name": "Jennifer Dougherty",
            "img": "1.jpg"
        },
        {
            "id": "2",
            "name": "Jacqueline Grohs",
            "img": "2.jpg"
        },
        {
            "id": "3",
            "name": "Ray Osofsky",
            "img": "3.jpg"
        },
        {
            "id": "4",
            "name": "Kathryn Wassell",
            "img": "4.jpg"
        },
        {
            "id": "5",
            "name": "Crystal Adams",
            "img": "5.jpg"
        },
        {
            "id": "6",
            "name": "Kara Butler",
            "img": "6.jpg"
        },
        {
            "id": "7",
            "name": "Amanda Clark",
            "img": "7.jpg"
        },
        {
            "id": "8",
            "name": "Anthoney Roe",
            "img": "8.jpg"
        },
        {
            "id": "9",
            "name": "James Shaughnessy",
            "img": "9.jpg"
        },
        {
            "id": "10",
            "name": "Craig Williams",
            "img": "10.jpg"
        },
        {
            "id": "11",
            "name": "Gina Bui-Le",
            "img": "11.png"
        },
        {
            "id": "12",
            "name": "Mitchel Gallagher",
            "img": "12.jpg"
        },
        {
            "id": "13",
            "name": "Jonathan Yani",
            "img": "13.jpg"
        },
        {
            "id": "14",
            "name": "Jennifer Anderson-Chaffee",
            "img": "14.jpg"
        },
        {
            "id": "15",
            "name": "Debbie Bemis",
            "img": "15.jpg"
        },
        {
            "id": "16",
            "name": "Alisha Bravo",
            "img": "16.png"
        },
        {
            "id": "17",
            "name": "Mathew Domenichini",
            "img": "17.png"
        },
        {
            "id": "18",
            "name": "Janelle Gunter",
            "img": "18.png"
        },
        {
            "id": "19",
            "name": "Jessika Milla",
            "img": "19.jpg"
        },
        {
            "id": "20",
            "name": "Stephanie Skidmore",
            "img": "20.jpg"
        },
        {
            "id": "21",
            "name": "Angela Wallace",
            "img": "21.png"
        },
        {
            "id": "22",
            "name": "Robert Castillo",
            "img": "22.jpg"
        },
        {
            "id": "23",
            "name": "Veronica Castillo",
            "img": "23.jpeg"
        },
        {
            "id": "24",
            "name": "Allison Duffy",
            "img": "24.png"
        },
        {
            "id": "25",
            "name": "Brendan Gill",
            "img": "25.png"
        },
        {
            "id": "26",
            "name": "Carol Leah-Martin",
            "img": "26.jpg"
        },
        {
            "id": "27",
            "name": "Beth Nakamura",
            "img": "27.png"
        },
        {
            "id": "28",
            "name": "Joseph Nakamura",
            "img": "28.jpg"
        },
        {
            "id": "29",
            "name": "Rachel Nevarez",
            "img": "29.png"
        },
        {
            "id": "30",
            "name": "Robert Orr",
            "img": "30.png"
        },
        {
            "id": "31",
            "name": "Amy Rocheleau",
            "img": "31.png"
        },
        {
            "id": "32",
            "name": "Luciana Rossi",
            "img": "32.jpg"
        },
        {
            "id": "33",
            "name": "Allega Ullrey",
            "img": "33.jpg"
        },
        {
            "id": "34",
            "name": "Brook Wallace",
            "img": "34.jpeg"
        },
        {
            "id": "35",
            "name": "Jennifer Webb",
            "img": "35.png"
        },
        {
            "id": "36",
            "name": "Jennifer Buonomo",
            "img": "36.jpg"
        },
        {
            "id": "37",
            "name": "Nathalie Goricanec",
            "img": "37.jpg"
        },
        {
            "id": "38",
            "name": "Felah Murray",
            "img": "38.jpg"
        },
        {
            "id": "39",
            "name": "Ashley Potischman",
            "img": "39.jpg"
        },
        {
            "id": "40",
            "name": "Bari Sholomon",
            "img": "40.jpg"
        },
        {
            "id": "41",
            "name": "Joyce Washington",
            "img": "41.jpg"
        },
        {
            "id": "42",
            "name": "Erin Wiley",
            "img": "42.jpg"
        },
        {
            "id": "43",
            "name": "Caitlin Davlantis",
            "img": "43.jpg"
        },
        {
            "id": "44",
            "name": "Laura Egli",
            "img": "44.jpg"
        },
        {
            "id": "45",
            "name": "Teresa Wagster",
            "img": "45.jpg"
        },
        {
            "id": "46",
            "name": "Sophia Lalin",
            "img": "46.jpg"
        },
        {
            "id": "47",
            "name": "Kristine Murphy Grim",
            "img": "47.jpg"
        },
        {
            "id": "48",
            "name": "Benjamin Bethune",
            "img": "48.jpg"
        },
        {
            "id": "50",
            "name": "Louie Caces",
            "img": "50.jpg"
        },
        {
            "id": "51",
            "name": "Jennifer DeJesus",
            "img": "51.jpg"
        },
        {
            "id": "52",
            "name": "Mitchel Gallagher",
            "img": "52.jpg"
        },
        {
            "id": "53",
            "name": "Santiago Gomez",
            "img": "53.jpg"
        },
        {
            "id": "54",
            "name": "Jill Hoge",
            "img": "54.png"
        },
        {
            "id": "55",
            "name": "Rachel Izor",
            "img": "55.jpg"
        },
        {
            "id": "56",
            "name": "Jenny Jacosalem",
            "img": "56.jpg"
        },
        {
            "id": "57",
            "name": "Michele Kennedy",
            "img": "57.jpg"
        },
        {
            "id": "58",
            "name": "Manuel Lopez",
            "img": "58.jpg"
        },
        {
            "id": "59",
            "name": "Kelli Mirassou",
            "img": "59.jpg"
        },
        {
            "id": "60",
            "name": "Niloofar Moradhaseli",
            "img": "60.jpg"
        },
        {
            "id": "61",
            "name": "Nicole Vidmar",
            "img": "61.jpg"
        },
        {
            "id": "62",
            "name": "Vidya Viswanathan",
            "img": "62.jpg"
        },
        {
            "id": "63",
            "name": "Adam Weddell",
            "img": "63.jpg"
        },
        {
            "id": "64",
            "name": "Liza Agustin",
            "img": "64.jpeg"
        },
        {
            "id": "65",
            "name": "Paul Bocanegra",
            "img": "65.jpg"
        },
        {
            "id": "66",
            "name": "Maria Castaneda",
            "img": "66.jpg"
        },
        {
            "id": "67",
            "name": "Celia Castellon",
            "img": "67.jpg"
        },
        {
            "id": "68",
            "name": "William Gates",
            "img": "68.jpg"
        },
        {
            "id": "69",
            "name": "Brian Giordano",
            "img": "69.jpg"
        },
        {
            "id": "70",
            "name": "Eric Greer",
            "img": "70.png"
        },
        {
            "id": "71",
            "name": "Jose Hernandez Parra",
            "img": "71.jpg"
        },
        {
            "id": "72",
            "name": "Eric Holderman",
            "img": "72.jpeg"
        },
        {
            "id": "73",
            "name": "Frederick McDonald",
            "img": "73.jpg"
        },
        {
            "id": "74",
            "name": "Seana McKean-Saul",
            "img": "74.jpg"
        },
        {
            "id": "75",
            "name": "Benjamin Rademacher",
            "img": "75.jpg"
        },
        {
            "id": "76",
            "name": "Baldomero Ramirez",
            "img": "76.jpg"
        },
        {
            "id": "77",
            "name": "Rizwana Rizvi",
            "img": "77.jpg"
        },
        {
            "id": "78",
            "name": "Alfred Robinson",
            "img": "78.jpg"
        },
        {
            "id": "79",
            "name": "Anthoney Roe",
            "img": "79.jpg"
        },
        {
            "id": "80",
            "name": "Tonette Slaviero",
            "img": "80.jpg"
        },
        {
            "id": "81",
            "name": "Pamela Stennes",
            "img": "81.jpg"
        },
        {
            "id": "82",
            "name": "Clement Velez",
            "img": "82.jpg"
        },
        {
            "id": "83",
            "name": "Carlito Vitaga",
            "img": "83.jpg"
        },
        {
            "id": "84",
            "name": "Cynthia Williams",
            "img": "84.jpg"
        },
        {
            "id": "85",
            "name": "Dawn Marie Andrade",
            "img": "85.jpg"
        },
        {
            "id": "86",
            "name": "Kyle Padia",
            "img": "86.jpg"
        },
        {
            "id": "87",
            "name": "Christopher Perry",
            "img": "87.jpg"
        },
        {
            "id": "88",
            "name": "Shawn Thomas",
            "img": "88.jpg"
        },
        {
            "id": "89",
            "name": "Pamela Zielazowski",
            "img": "89.jpg"
        },
        {
            "id": "90",
            "name": "Keith Adams",
            "img": "90.jpg"
        },
        {
            "id": "91",
            "name": "Marita Beard",
            "img": "91.jpg"
        },
        {
            "id": "92",
            "name": "Guadalupe Cervacio-Trinidad",
            "img": "92.jpg"
        },
        {
            "id": "93",
            "name": "Inna Diordieva",
            "img": "93.jpg"
        },
        {
            "id": "94",
            "name": "Jennifer Dougherty",
            "img": "94.jpg"
        },
        {
            "id": "95",
            "name": "David Geller",
            "img": "95.jpg"
        },
        {
            "id": "96",
            "name": "Lynette Jackson",
            "img": "96.png"
        },
        {
            "id": "97",
            "name": "Jennifer Lynn",
            "img": "97.jpg"
        },
        {
            "id": "98",
            "name": "Michelle Lyon",
            "img": "98.jpg"
        },
        {
            "id": "99",
            "name": "Karin Mirassou",
            "img": "99.png"
        },
        {
            "id": "100",
            "name": "Jessica Prouty",
            "img": "100.jpg"
        },
        {
            "id": "101",
            "name": "Jody Resnick",
            "img": "101.jpg"
        },
        {
            "id": "102",
            "name": "Denise Stephenson",
            "img": "102.jpg"
        },
        {
            "id": "103",
            "name": "Melissa Fales",
            "img": "103.jpg"
        },
        {
            "id": "104",
            "name": "Russell Mattos",
            "img": "104.png"
        },
        {
            "id": "105",
            "name": "Lance Morrill",
            "img": "105.jpg"
        },
        {
            "id": "106",
            "name": "Gina Nicoletta",
            "img": "106.jpg"
        },
        {
            "id": "107",
            "name": "Michael Posey",
            "img": "107.jpg"
        },
        {
            "id": "108",
            "name": "Celeste Smiley",
            "img": "108.jpg"
        },
        {
            "id": "109",
            "name": "Elizabeth Tanner",
            "img": "109.jpg"
        },
        {
            "id": "110",
            "name": "Jason Van Benthuysen",
            "img": "110.jpg"
        },
        {
            "id": "111",
            "name": "Frank Von Rassler",
            "img": "111.png"
        },
        {
            "id": "112",
            "name": "Gregory Wolf",
            "img": "112.jpg"
        },
        {
            "id": "113",
            "name": "Kimberly Bartel",
            "img": "113.jpg"
        },
        {
            "id": "114",
            "name": "Alexander Christensen",
            "img": "114.png"
        },
        {
            "id": "115",
            "name": "Samantha Cush",
            "img": "115.jpg"
        },
        {
            "id": "116",
            "name": "Vincent Nicoletta",
            "img": "116.jpg"
        },
        {
            "id": "117",
            "name": "Amy Rumsey",
            "img": "117.jpg"
        },
        {
            "id": "118",
            "name": "Jonathan Yani",
            "img": "118.JPG"
        },
        {
            "id": "119",
            "name": "Roberto Cruz",
            "img": "119.jpg"
        },
        {
            "id": "120",
            "name": "Guadalupe Dhanani",
            "img": "120.jpg"
        },
        {
            "id": "121",
            "name": "Yvonne Duong",
            "img": "121.png"
        },
        {
            "id": "122",
            "name": "Richelle Griffin",
            "img": "122.png"
        },
        {
            "id": "123",
            "name": "Shuyan Hsu",
            "img": "123.jpg"
        },
        {
            "id": "124",
            "name": "David Keck",
            "img": "124.jpg"
        },
        {
            "id": "125",
            "name": "Christina McQueen",
            "img": "125.jpg"
        },
        {
            "id": "126",
            "name": "Shang-I (Sonya) Yu",
            "img": "126.jpg"
        }
    ]
}